dataset_id,name,source,url,format,crs,licence,acquisition_date,spatial_extent,hash,local_path
cadastral_bengaluru,Bengaluru Cadastral Maps,OpenCity,https://data.opencity.in/dataset/bengaluru-cadastral-maps,kmz,EPSG:4326,Public Domain,,Bengaluru Urban,,
dem_copernicus_glo30,Copernicus DEM GLO-30,AWS Open Data Registry,https://registry.opendata.aws/copernicus-dem/,geotiff,EPSG:4326,Open,,Bengaluru Urban,,data/raw/copernicus_dem_glo30.tif
dsm_google_25d,Google Open Buildings 2.5D Height,Google Earth Engine,https://sites.research.google/open-buildings/,raster,EPSG:4326,CC BY-4.0,,Bengaluru Urban 2sqkm,,data/raw/google_open_buildings_25d_height.tif
footprints_ms,Microsoft Global ML Building Footprints,Microsoft GitHub/Planetary Computer,https://github.com/microsoft/GlobalMLBuildingFootprints,geoparquet,EPSG:4326,CDLA Permissive 2.0,,Bengaluru Urban,,
osm_bengaluru,OSM Bengaluru Buildings & Levels,OpenStreetMap / Overpass API,https://overpass-api.de/api/interpreter,geojson,EPSG:4326,ODbL,,Bengaluru Urban,,
ndvi_bengaluru_s2l2a,Bengaluru Sentinel-2 L2A NDVI (AOI clip),Copernicus Sentinel-2 L2A via Element84 earth-search STAC / AWS Open Data,https://earth-search.aws.element84.com/v1,geotiff,EPSG:32643,Free/Open - Contains modified Copernicus Sentinel data,scene-dependent (see data/manifests/ndvi_bengaluru_manifest.json),Bengaluru Urban AOI,,data/raw/ndvi_s2_aoi.tif
bhopal_wards_opencity,Bhopal Municipal Corporation 85 Wards,OpenCity / BMC,https://data.opencity.in/,kml,EPSG:4326,Public Domain,2026-09-19,Bhopal Urban,,f0ee298b-cf85-43f0-87d5-34e836761d76.kml
indore_wards_opencity,Indore Municipal Corporation 85 Wards,OpenCity / IMC,https://data.opencity.in/,kml,EPSG:4326,Public Domain,2026-09-26,Indore Urban,,9b8f3f8a-3480-42d5-bc1c-09c9d69c4717.kml
navi_mumbai_wards_opencity,Navi Mumbai Municipal Corporation 111 Wards,OpenCity / NMMC,https://data.opencity.in/,kml,EPSG:4326,Public Domain,2026-09-26,Navi Mumbai,,ad265aaa-2967-45a1-a0a4-17530f0d2a6d.kml
kalyan_dombivli_wards_opencity,Kalyan-Dombivli Municipal Corporation 123 Wards,OpenCity / KDMC,https://data.opencity.in/,kml,EPSG:4326,Public Domain,2026-09-26,Kalyan-Dombivli (Mumbai MMR),,0063f553-c265-402d-9f15-feea2929c7a5.kml
coimbatore_wards_opencity,Coimbatore City Municipal Corporation 100 Wards,OpenCity / CCMC,https://data.opencity.in/,kml,EPSG:4326,Public Domain,2026-09-26,Coimbatore Urban,,3111f6d4-f8db-44c2-a608-61c975e9b744.kml
